{"total_bot_!bot": {"bot": 1090, "!bot": 1404}, "name": {"hasName_bot": 0.9412844036697248, "hasName_!bot": 0.9757834757834758, "hasntName_bot": 0.05871559633027523, "hasntName_!bot": 0.024216524216524215}, "bio": {"hasBio_bot": 0.9477064220183486, "hasBio_!bot": 0.9273504273504274, "hasntBio_bot": 0.05229357798165138, "hasntBio_!bot": 0.07264957264957266}, "follower_int": {"0_bot": 0.013761467889908258, "1_bot": 0.0009174311926605505, "2_bot": 0.001834862385321101, "3_bot": 0.0009174311926605505, "4_bot": 0.003669724770642202, "5_bot": 0.003669724770642202, "6_bot": 0.006422018348623854, "7_bot": 0.01926605504587156, "8_bot": 0.062385321100917435, "9_bot": 0.8871559633027523, "0_!bot": 0.023504273504273504, "1_!bot": 0.004985754985754986, "2_!bot": 0.0035612535612535613, "3_!bot": 0.002136752136752137, "4_!bot": 0.002849002849002849, "5_!bot": 0.002136752136752137, "6_!bot": 0.005698005698005698, "7_!bot": 0.01282051282051282, "8_!bot": 0.03632478632478633, "9_!bot": 0.905982905982906}, "min_tweets": {"has50tweets_bot": 0.0, "has50tweets_!bot": 0.0, "hasnt50tweets_bot": 1.0, "hasnt50tweets_!bot": 1.0}, "follower_friend": {"hasmorefollower_bot": 0.9678899082568807, "hasmorefollower_!bot": 0.9707977207977208, "hasntmorefollower_bot": 0.03211009174311927, "hasntmorefollower_!bot": 0.0292022792022792}, "contains_bot": {"hasbot_bot": 0.024770642201834864, "hasbot_!bot": 0.004985754985754986, "hasntbot_bot": 0.9752293577981651, "hasntbot_!bot": 0.9950142450142451}, "verified": {"isverified_bot": 0.26972477064220185, "isverified_!bot": 0.34045584045584043, "isntverified_bot": 0.7302752293577982, "isntverified_!bot": 0.6595441595441596}, "friends_int": {"0_bot": 0.17522935779816515, "1_bot": 0.047706422018348627, "2_bot": 0.046788990825688076, "3_bot": 0.03577981651376147, "4_bot": 0.03211009174311927, "5_bot": 0.03211009174311927, "6_bot": 0.026605504587155965, "7_bot": 0.03577981651376147, "8_bot": 0.03944954128440367, "9_bot": 0.5284403669724771, "0_!bot": 0.11538461538461539, "1_!bot": 0.05626780626780627, "2_!bot": 0.05128205128205128, "3_!bot": 0.06267806267806268, "4_!bot": 0.0584045584045584, "5_!bot": 0.0584045584045584, "6_!bot": 0.049145299145299144, "7_!bot": 0.04772079772079772, "8_!bot": 0.049145299145299144, "9_!bot": 0.4515669515669516}, "default": {"hasdefaultprofile_bot": 0.24128440366972478, "hasdefaultprofile_!bot": 0.21082621082621084, "hasntdefaultprofile_bot": 0.7587155963302752, "hasntdefaultprofile_!bot": 0.7891737891737892}, "notifications": {"hasnotifications_bot": 0.0, "hasnotifications_!bot": 0.0, "hasntnotifications_bot": 1.0, "hasntnotifications_!bot": 1.0}}